epoch,train_loss,val_dice
1,0.551878,0.517314
2,0.382986,0.639550
3,0.345345,0.678097
4,0.315755,0.715242
5,0.291287,0.737118
6,0.273289,0.740346
7,0.261971,0.770396
8,0.242597,0.776715
9,0.242673,0.793767
10,0.229293,0.800219
